Wall time,Step,Value
1518616640.03265,0,0.6800464987754822
1518616641.6145012,1,0.708564281463623
1518616643.1586308,2,0.7200071811676025
1518616644.693009,3,0.7261756062507629
1518616646.271254,4,0.7310030460357666
1518616647.847414,5,0.7320758104324341
1518616649.4121652,6,0.7377078533172607
1518616650.970211,7,0.729751467704773
1518616652.48508,8,0.7377078533172607
1518616654.0290198,9,0.7421777248382568
1518616655.578201,10,0.7396745681762695
1518616657.132826,11,0.7428035140037537
1518616658.6476579,12,0.7378866672515869
1518616660.1979032,13,0.7453960180282593
1518616661.8163478,14,0.7455748319625854
1518616663.3936691,15,0.746737003326416
1518616664.907857,16,0.750312864780426
1518616666.421955,17,0.7491507530212402
1518616667.926805,18,0.7478097677230835
1518616669.4422069,19,0.7512068748474121
1518616670.962493,20,0.7531735897064209
1518616672.480908,21,0.7580010890960693
1518616673.99513,22,0.7529054284095764
1518616675.666518,23,0.7574647068977356
1518616677.2267148,24,0.7644376754760742
1518616678.7387269,25,0.7670302391052246
1518616680.254942,26,0.7683711647987366
1518616681.7848902,27,0.7715001106262207
1518616683.303467,28,0.7730198502540588
1518616684.828118,29,0.7771321535110474
